entity,time,value
CHN,1896,161
CHN,1897,161.1
CHN,1898,161.3
CHN,1899,161.4
CHN,1900,161.6
CHN,1901,161.7
CHN,1902,161.9
CHN,1903,162
CHN,1904,162.2
CHN,1905,162.3
CHN,1906,162.5
CHN,1907,162.6
CHN,1908,162.8
CHN,1909,162.9
CHN,1910,163
CHN,1911,163.2
CHN,1912,163.3
CHN,1913,163.5
CHN,1914,163.6
CHN,1915,163.7
CHN,1916,163.9
CHN,1917,164
CHN,1918,164.1
CHN,1919,164.3
CHN,1920,164.4
CHN,1921,164.5
CHN,1922,164.6
CHN,1923,164.7
CHN,1924,164.8
CHN,1925,164.9
CHN,1926,165
CHN,1927,165.1
CHN,1928,165.2
CHN,1929,165.4
CHN,1930,165.5
CHN,1931,165.6
CHN,1932,165.7
CHN,1933,165.8
CHN,1934,165.8
CHN,1935,165.9
CHN,1936,166
CHN,1937,166.1
CHN,1938,166.2
CHN,1939,166.3
CHN,1940,166.4
CHN,1941,166.5
CHN,1942,166.6
CHN,1943,166.7
CHN,1944,166.7
CHN,1945,166.8
CHN,1946,166.9
CHN,1947,167.1
CHN,1948,167.2
CHN,1949,167.3
CHN,1950,167.4
CHN,1951,167.5
CHN,1952,167.6
CHN,1953,167.7
CHN,1954,167.8
CHN,1955,167.9
CHN,1956,168
CHN,1957,168.1
CHN,1958,168.2
CHN,1959,168.3
CHN,1960,168.3
CHN,1961,168.4
CHN,1962,168.4
CHN,1963,168.5
CHN,1964,168.5
CHN,1965,168.6
CHN,1966,168.6
CHN,1967,168.6
CHN,1968,168.7
CHN,1969,168.7
CHN,1970,168.7
CHN,1971,168.8
CHN,1972,168.9
CHN,1973,169
CHN,1974,169.1
CHN,1975,169.2
CHN,1976,169.3
CHN,1977,169.4
CHN,1978,169.5
CHN,1979,169.7
CHN,1980,169.8
CHN,1981,169.9
CHN,1982,170.1
CHN,1983,170.2
CHN,1984,170.4
CHN,1985,170.5
CHN,1986,170.6
CHN,1987,170.8
CHN,1988,170.9
CHN,1989,171
CHN,1990,171.1
CHN,1991,171.2
CHN,1992,171.4
CHN,1993,171.5
CHN,1994,171.6
CHN,1995,171.7
CHN,1996,171.8
JPN,1896,156.2
JPN,1897,156.4
JPN,1898,156.6
JPN,1899,156.8
JPN,1900,157
JPN,1901,157.2
JPN,1902,157.4
JPN,1903,157.6
JPN,1904,157.8
JPN,1905,158
JPN,1906,158.2
JPN,1907,158.3
JPN,1908,158.5
JPN,1909,158.7
JPN,1910,158.9
JPN,1911,159.1
JPN,1912,159.3
JPN,1913,159.4
JPN,1914,159.6
JPN,1915,159.8
JPN,1916,160
JPN,1917,160.2
JPN,1918,160.4
JPN,1919,160.5
JPN,1920,160.7
JPN,1921,160.9
JPN,1922,161.1
JPN,1923,161.3
JPN,1924,161.5
JPN,1925,161.7
JPN,1926,161.9
JPN,1927,162.1
JPN,1928,162.3
JPN,1929,162.5
JPN,1930,162.7
JPN,1931,163
JPN,1932,163.2
JPN,1933,163.4
JPN,1934,163.7
JPN,1935,163.9
JPN,1936,164.2
JPN,1937,164.4
JPN,1938,164.7
JPN,1939,165
JPN,1940,165.2
JPN,1941,165.5
JPN,1942,165.8
JPN,1943,166.1
JPN,1944,166.4
JPN,1945,166.6
JPN,1946,166.9
JPN,1947,167.2
JPN,1948,167.5
JPN,1949,167.7
JPN,1950,168
JPN,1951,168.2
JPN,1952,168.5
JPN,1953,168.7
JPN,1954,168.9
JPN,1955,169.1
JPN,1956,169.3
JPN,1957,169.5
JPN,1958,169.7
JPN,1959,169.9
JPN,1960,170.1
JPN,1961,170.2
JPN,1962,170.4
JPN,1963,170.5
JPN,1964,170.7
JPN,1965,170.8
JPN,1966,170.9
JPN,1967,171
JPN,1968,171
JPN,1969,171.1
JPN,1970,171.2
JPN,1971,171.2
JPN,1972,171.3
JPN,1973,171.3
JPN,1974,171.4
JPN,1975,171.4
JPN,1976,171.4
JPN,1977,171.4
JPN,1978,171.5
JPN,1979,171.5
JPN,1980,171.5
JPN,1981,171.4
JPN,1982,171.4
JPN,1983,171.4
JPN,1984,171.4
JPN,1985,171.3
JPN,1986,171.3
JPN,1987,171.3
JPN,1988,171.2
JPN,1989,171.2
JPN,1990,171.1
JPN,1991,171.1
JPN,1992,171
JPN,1993,171
JPN,1994,170.9
JPN,1995,170.9
JPN,1996,170.8
PRK,1896,160.6
PRK,1897,160.7
PRK,1898,160.8
PRK,1899,160.9
PRK,1900,161.1
PRK,1901,161.2
PRK,1902,161.3
PRK,1903,161.4
PRK,1904,161.5
PRK,1905,161.6
PRK,1906,161.8
PRK,1907,161.9
PRK,1908,162
PRK,1909,162.1
PRK,1910,162.2
PRK,1911,162.3
PRK,1912,162.5
PRK,1913,162.6
PRK,1914,162.7
PRK,1915,162.8
PRK,1916,162.9
PRK,1917,163
PRK,1918,163.2
PRK,1919,163.3
PRK,1920,163.4
PRK,1921,163.5
PRK,1922,163.6
PRK,1923,163.7
PRK,1924,163.8
PRK,1925,163.9
PRK,1926,164
PRK,1927,164.1
PRK,1928,164.2
PRK,1929,164.3
PRK,1930,164.4
PRK,1931,164.5
PRK,1932,164.6
PRK,1933,164.7
PRK,1934,164.8
PRK,1935,164.9
PRK,1936,165
PRK,1937,165.1
PRK,1938,165.2
PRK,1939,165.3
PRK,1940,165.4
PRK,1941,165.5
PRK,1942,165.6
PRK,1943,165.7
PRK,1944,165.8
PRK,1945,165.9
PRK,1946,166.1
PRK,1947,166.2
PRK,1948,166.3
PRK,1949,166.5
PRK,1950,166.6
PRK,1951,166.8
PRK,1952,166.9
PRK,1953,167
PRK,1954,167.2
PRK,1955,167.3
PRK,1956,167.5
PRK,1957,167.6
PRK,1958,167.7
PRK,1959,167.8
PRK,1960,168
PRK,1961,168.1
PRK,1962,168.2
PRK,1963,168.3
PRK,1964,168.4
PRK,1965,168.5
PRK,1966,168.6
PRK,1967,168.7
PRK,1968,168.8
PRK,1969,168.9
PRK,1970,169
PRK,1971,169.1
PRK,1972,169.2
PRK,1973,169.3
PRK,1974,169.4
PRK,1975,169.5
PRK,1976,169.7
PRK,1977,169.8
PRK,1978,169.9
PRK,1979,170
PRK,1980,170.2
PRK,1981,170.3
PRK,1982,170.4
PRK,1983,170.6
PRK,1984,170.7
PRK,1985,170.8
PRK,1986,170.9
PRK,1987,171
PRK,1988,171.2
PRK,1989,171.3
PRK,1990,171.4
PRK,1991,171.5
PRK,1992,171.6
PRK,1993,171.7
PRK,1994,171.8
PRK,1995,171.9
PRK,1996,172
KOR,1896,159.8
KOR,1897,159.9
KOR,1898,160
KOR,1899,160.2
KOR,1900,160.3
KOR,1901,160.4
KOR,1902,160.6
KOR,1903,160.7
KOR,1904,160.8
KOR,1905,161
KOR,1906,161.1
KOR,1907,161.2
KOR,1908,161.4
KOR,1909,161.5
KOR,1910,161.6
KOR,1911,161.8
KOR,1912,161.9
KOR,1913,162.1
KOR,1914,162.2
KOR,1915,162.3
KOR,1916,162.5
KOR,1917,162.6
KOR,1918,162.8
KOR,1919,163
KOR,1920,163.1
KOR,1921,163.3
KOR,1922,163.4
KOR,1923,163.6
KOR,1924,163.7
KOR,1925,163.9
KOR,1926,164.1
KOR,1927,164.2
KOR,1928,164.4
KOR,1929,164.6
KOR,1930,164.8
KOR,1931,164.9
KOR,1932,165.1
KOR,1933,165.3
KOR,1934,165.5
KOR,1935,165.6
KOR,1936,165.8
KOR,1937,166
KOR,1938,166.1
KOR,1939,166.3
KOR,1940,166.5
KOR,1941,166.6
KOR,1942,166.8
KOR,1943,167
KOR,1944,167.2
KOR,1945,167.3
KOR,1946,167.5
KOR,1947,167.7
KOR,1948,167.9
KOR,1949,168.1
KOR,1950,168.3
KOR,1951,168.5
KOR,1952,168.6
KOR,1953,168.8
KOR,1954,169
KOR,1955,169.2
KOR,1956,169.4
KOR,1957,169.6
KOR,1958,169.8
KOR,1959,170
KOR,1960,170.3
KOR,1961,170.5
KOR,1962,170.7
KOR,1963,170.9
KOR,1964,171.1
KOR,1965,171.3
KOR,1966,171.5
KOR,1967,171.7
KOR,1968,171.9
KOR,1969,172.1
KOR,1970,172.3
KOR,1971,172.4
KOR,1972,172.6
KOR,1973,172.8
KOR,1974,173
KOR,1975,173.1
KOR,1976,173.3
KOR,1977,173.4
KOR,1978,173.6
KOR,1979,173.7
KOR,1980,173.8
KOR,1981,174
KOR,1982,174.1
KOR,1983,174.2
KOR,1984,174.2
KOR,1985,174.3
KOR,1986,174.4
KOR,1987,174.5
KOR,1988,174.5
KOR,1989,174.6
KOR,1990,174.6
KOR,1991,174.7
KOR,1992,174.7
KOR,1993,174.8
KOR,1994,174.8
KOR,1995,174.9
KOR,1996,174.9
WLD,1896,162.5
WLD,1897,162.6
WLD,1898,162.7
WLD,1899,162.8
WLD,1900,163
WLD,1901,163.1
WLD,1902,163.2
WLD,1903,163.3
WLD,1904,163.4
WLD,1905,163.5
WLD,1906,163.7
WLD,1907,163.8
WLD,1908,163.9
WLD,1909,164
WLD,1910,164.2
WLD,1911,164.3
WLD,1912,164.4
WLD,1913,164.5
WLD,1914,164.7
WLD,1915,164.8
WLD,1916,164.9
WLD,1917,165.1
WLD,1918,165.2
WLD,1919,165.4
WLD,1920,165.5
WLD,1921,165.6
WLD,1922,165.8
WLD,1923,165.9
WLD,1924,166
WLD,1925,166.2
WLD,1926,166.3
WLD,1927,166.4
WLD,1928,166.6
WLD,1929,166.7
WLD,1930,166.8
WLD,1931,167
WLD,1932,167.1
WLD,1933,167.2
WLD,1934,167.4
WLD,1935,167.5
WLD,1936,167.7
WLD,1937,167.8
WLD,1938,167.9
WLD,1939,168.1
WLD,1940,168.2
WLD,1941,168.3
WLD,1942,168.5
WLD,1943,168.6
WLD,1944,168.7
WLD,1945,168.9
WLD,1946,169
WLD,1947,169.1
WLD,1948,169.3
WLD,1949,169.4
WLD,1950,169.5
WLD,1951,169.7
WLD,1952,169.8
WLD,1953,169.9
WLD,1954,170
WLD,1955,170.2
WLD,1956,170.3
WLD,1957,170.4
WLD,1958,170.5
WLD,1959,170.6
WLD,1960,170.7
WLD,1961,170.8
WLD,1962,170.9
WLD,1963,171
WLD,1964,171.1
WLD,1965,171.2
WLD,1966,171.2
WLD,1967,171.3
WLD,1968,171.3
WLD,1969,171.4
WLD,1970,171.5
WLD,1971,171.5
WLD,1972,171.6
WLD,1973,171.6
WLD,1974,171.7
WLD,1975,171.7
WLD,1976,171.7
WLD,1977,171.8
WLD,1978,171.8
WLD,1979,171.8
WLD,1980,171.8
WLD,1981,171.8
WLD,1982,171.8
WLD,1983,171.8
WLD,1984,171.8
WLD,1985,171.7
WLD,1986,171.7
WLD,1987,171.7
WLD,1988,171.6
WLD,1989,171.6
WLD,1990,171.5
WLD,1991,171.5
WLD,1992,171.5
WLD,1993,171.4
WLD,1994,171.4
WLD,1995,171.3
WLD,1996,171.3
