year,total_appearances,military_count,military_pct,field_guidance_economy_count,field_guidance_pct,political_meetings_count,political_meetings_pct,tributes_mausoleum_count,performance_viewing_count,commemorative_photo_count,event_attendance_count,weapons_guidance_tests_count,military_inspection_count
2012,158,34,21.5,22,13.9,3,1.9,11,27,17,19,1,25
2013,227,45,19.8,52,22.9,5,2.2,12,28,17,18,2,18
2014,174,46,26.4,54,31.0,2,1.1,8,23,12,8,5,13
2015,155,30,19.4,63,40.6,1,0.6,9,9,17,9,4,8
2016,131,35,26.7,54,41.2,4,3.1,5,6,13,10,15,5
2017,103,27,26.2,33,32.0,4,3.9,7,5,10,12,15,6
2018,112,4,3.6,44,39.3,3,2.7,7,7,5,11,1,1
2019,89,24,27.0,24,27.0,4,4.5,7,5,7,5,13,2
2020,55,13,23.6,8,14.5,17,30.9,6,2,2,5,1,1
2021,63,7,11.1,2,3.2,12,19.0,9,6,17,6,1,0
2022,77,10,13.0,3,3.9,17,22.1,4,1,15,17,6,1
2023,81,31,38.3,2,2.5,7,8.6,6,4,11,11,7,4
2024,125,49,39.2,18,14.4,8,6.4,9,5,2,20,14,13
2025,137,43,31.4,14,10.2,4,2.9,10,5,4,31,11,12
2026,106,32,30.2,8,7.5,7,6.6,7,8,10,20,13,5
