period,year,quarter,subscribers,subs_per_100_itu,source,type
2008-12,2008,Q4,5300,0.0,Orascom Q4 2008 Report,official_corporate
2009-06,2009,Q2,47873,0.28,Orascom Q2 2009 Report,official_corporate
2009-09,2009,Q3,69261,0.28,Orascom Q3 2009 Report,official_corporate
2009-12,2009,Q4,91704,0.28,Orascom Q4 2009 Report,official_corporate
2010-03,2010,Q1,125661,1.73,Orascom Q1 2010 Report,official_corporate
2010-06,2010,Q2,184531,1.73,Orascom Q2 2010 Report,official_corporate
2010-09,2010,Q3,301135,1.73,Orascom Q3 2010 Report,official_corporate
2010-12,2010,Q4,431984,1.73,Orascom Q4 2010 Report,official_corporate
2011-03,2011,Q1,535133,3.98,Orascom Q1 2011 Report,official_corporate
2011-06,2011,Q2,666520,3.98,Orascom Q2 2011 Report,official_corporate
2011-09,2011,Q3,809000,3.98,Orascom Q3 2011 Report,official_corporate
2011-12,2011,Q4,1000000,3.98,Orascom Press Release (Feb 2012 / Year-end),official_corporate
2012-06,2012,Q2,1270000,6.74,Orascom Q2 2012 Report,official_corporate
2012-12,2012,Q4,1700000,6.74,Orascom Q4 2012 Report,official_corporate
2013-05,2013,Q2,2000000,9.55,Orascom 2M milestone disclosure,official_corporate
2014-06,2014,Q2,2400000,11.0,Orascom Q2 2014 Report,official_corporate
2015-10,2015,Q3,3000000,12.67,Orascom 3M milestone announcement,official_corporate
2017-12,2017,Q4,3800000,14.76,Korea Development Bank / KISDI estimate,expert_estimate
2019-12,2019,Q4,4500000,16.33,Stimson Center (Martyn Williams) / KDB estimate,expert_estimate
2020-12,2020,Q4,5000000,22.96,Korea Development Bank (KDB) DPRK Economic Review,expert_estimate
2021-12,2021,Q4,5800000,22.87,Stimson Center (Koryolink + Kangsong + Byol combined),expert_estimate
2022-12,2022,Q4,6353441,24.13,ITU / World Bank WDI (IT.CEL.SETS),international_standard
2023-12,2023,Q4,6800000,,Korea Information Society Development Institute (KISDI) 2024,expert_estimate
