year,foreign_media_exposure_total_pct,foreign_media_frequent_pct,kim_jong_un_approval_high_pct,kim_jong_un_approval_low_pct,bribe_experienced_total_pct,bribe_heavy_over30pct_income,mobile_phone_owned_inside_dprk_pct,south_korea_unification_necessary_pct
2007,,,,,,,,64.1
2008,,,,,,,,51.6
2009,,,,,,,,56.4
2010,,,,,,,,59.3
2011,74.2,43.3,29.9,35.1,,,,53.8
2012,89.3,42.6,42.6,23.8,87.9,26.9,,54.0
2013,87.7,43.1,31.5,34.6,89.7,28.1,,54.9
2014,85.8,41.1,38.3,27.0,84.4,24.5,,55.9
2015,89.2,59.0,23.7,38.1,80.3,25.8,55.5,52.0
2016,88.3,51.8,36.5,32.1,85.2,27.4,46.4,53.7
2017,86.4,43.2,36.4,28.0,85.3,31.7,43.9,54.0
2018,81.2,41.2,50.6,22.4,71.3,18.4,44.8,59.7
2019,92.4,47.6,38.1,21.0,86.8,18.7,62.6,53.6
2020,83.7,43.3,38.5,29.8,83.5,21.1,56.0,52.9
2021,,,,,,,,44.6
2022,,,,,,,,46.0
