date,source,stage,estimated_deployed,front,estimated_cumulative_casualties,pow_count,notes
2024-10-18,ROK NIS,Initial Deployment,1500,Russian Far East (Vladivostok),0,0,"1,500 Special Ops (Storm Corps/11th Corps) transported via Russian naval vessels"
2024-10-23,US Pentagon / Kirby,Training & Staging,3000,Eastern Russia bases,0,0,"White House confirms at least 3,000 DPRK soldiers in eastern Russia training"
2024-11-04,Pentagon / Austin,Frontline Deployment,10000,Kursk Oblast,0,0,"Pentagon confirms ~10,000 DPRK troops deployed into Kursk border sector"
2024-11-20,ROK NIS / Parliamentary Briefing,Full Contingent Staged,11000,Kursk Oblast,50,0,Integrated into Russian airborne/naval infantry units; first skirmishes reported
2024-12-15,Ukraine GUR / Zelenskyy,Active Combat,12000,Kursk Oblast,500,0,Heavy combat involvement against Ukrainian defensive positions
2025-01-10,Ukraine GUR,Casualties Mounting,11000,Kursk Oblast,1200,2,"First two DPRK soldiers captured alive, treated in military hospital in Kyiv"
2025-06-30,ROK NIS / Defense Ministry,Reinforcements & Rotation,13000,Kursk Oblast,3500,2,Second echelon deployed to replace casualties; combined drone-artillery tactics
2026-01-15,Western Intelligence / Pent,Winter Campaign,14000,Kursk Oblast,5000,2,"Cumulative deployments ~14,000-15,000; extensive use of suicide protocols to avoid capture"
2026-09-25,Ukraine Pres. Office / Zelenskyy,Current Operational Status,8000,Kursk / Belgorod border,6000,2,"Over 8,000 currently active on Russian soil; 10,000 more reported in staging/training pipeline"
