year,source,lower_estimate,upper_estimate,active_camps,notes
1990,US State Dept / Amnesty International,150000,200000,12,Pre-famine baseline across 12-14 operational camps
1995,Amnesty International / KINU,150000,200000,10,Arduous March famine era; closure of Camp 11 (Kyongsong)
2002,"David Hawk (HRNK, Hidden Gulag 1st Ed)",150000,200000,6,"Identified 6 major camps: 14, 15, 16, 18, 22, 25"
2006,US State Department Country Report,150000,200000,6,"Estimated 150,000-200,000 political prisoners"
2011,Amnesty International (Camp 15/22 imagery),200000,200000,6,High-resolution satellite analysis before Camp 22 shutdown
2012,"David Hawk (HRNK, Hidden Gulag 2nd Ed)",130000,150000,6,Documented shutdown of Camp 22 Hoeryong; transfers to 16/25
2014,UN Commission of Inquiry (Kirby Report),80000,120000,4,"Authoritative UN finding: 80,000-120,000 across 4 camps"
2017,KINU White Paper on Human Rights,80000,120000,5,"Camps 14, 15, 16, 18, 25 (Camp 18 classification debated)"
2020,HRNK / Committee for Human Rights in NK,80000,120000,4,Camp 15 Yodok dismantled/repurposed 2019-2020; 4 camps remain
2023,ROK MOU North Korea Human Rights Report,80000,120000,4,"Official ROK government confirmation: Camps 14, 16, 18, 25"
2025,KINU Human Rights White Paper 2025,80000,120000,4,"Camp 14 Kaechon, 16 Hwasong, 18 Bukchang, 25 Chongjin operational"
2026,International Coalition for Crimes Against Humanity,80000,120000,4,Current stable consensus benchmark
