year,male,female,total,cumulative_total
1998,55,16,71,947
1999,108,40,148,1095
2000,174,138,312,1407
2001,292,291,583,1990
2002,512,627,1139,3129
2003,464,817,1281,4410
2004,635,1259,1894,6304
2005,472,911,1383,7687
2006,514,1504,2018,9705
2007,573,1971,2544,12249
2008,613,2196,2809,15058
2009,662,2252,2914,17972
2010,551,1851,2402,20374
2011,664,2042,2706,23080
2012,404,1098,1502,24582
2013,369,1145,1514,26096
2014,305,1092,1397,27493
2015,251,1025,1276,28769
2016,299,1119,1418,30187
2017,188,939,1127,31314
2018,168,969,1137,32451
2019,202,845,1047,33498
2020,72,157,229,33727
2021,40,23,63,33790
2022,35,32,67,33857
2023,32,164,196,34053
2024,42,194,236,34289
2025,25,198,223,34512
2026-H1,4,59,63,34575
