year,resolution,date_adopted,vote_type,in_favor,against,abstentions
2005,A/RES/60/173,2005-12-16,Recorded Vote,88,21,60
2006,A/RES/61/232,2006-12-22,Recorded Vote,79,28,63
2007,A/RES/62/167,2007-12-18,Recorded Vote,101,22,59
2008,A/RES/63/190,2008-12-18,Recorded Vote,94,22,63
2009,A/RES/64/175,2009-12-18,Recorded Vote,99,20,63
2010,A/RES/65/225,2010-12-21,Recorded Vote,106,20,57
2011,A/RES/66/174,2011-12-19,Recorded Vote,123,16,51
2012,A/RES/67/181,2012-12-20,Consensus,0,0,0
2013,A/RES/68/182,2013-12-18,Recorded Vote,127,13,47
2014,A/RES/69/188,2014-12-18,Recorded Vote,116,20,53
2015,A/RES/70/172,2015-12-17,Recorded Vote,119,19,48
2016,A/RES/71/202,2016-12-19,Consensus,0,0,0
2017,A/RES/72/188,2017-12-19,Consensus,0,0,0
2018,A/RES/73/180,2018-12-17,Consensus,0,0,0
2019,A/RES/74/166,2019-12-18,Consensus,0,0,0
2020,A/RES/75/190,2020-12-16,Consensus,0,0,0
2021,A/RES/76/177,2021-12-16,Consensus,0,0,0
2022,A/RES/77/226,2022-12-15,Consensus,0,0,0
2023,A/RES/78/219,2023-12-19,Consensus,0,0,0
2024,A/RES/79/194,2024-12-18,Consensus,0,0,0
2025,A/RES/80/220,2025-12-17,Consensus,0,0,0
